<?xml version="1.0" encoding="UTF-8" ?>
<!DOCTYPE mapper PUBLIC "-//mybatis.org//DTD Mapper 3.0//EN"
        "http://mybatis.org/dtd/mybatis-3-mapper.dtd">
<mapper namespace="com.example.app.mapper.UserMapper">

    <resultMap id="UserResultMap" type="com.example.app.model.User">
        <id property="id" column="id" />
        <result property="email" column="email" />
        <result property="password" column="password" />
        <result property="nickname" column="nickname" />
        <result property="createTime" column="create_time" />
    </resultMap>

    <select id="selectById" parameterType="Long" resultMap="UserResultMap">
        SELECT * FROM users WHERE id = #{id}
    </select>

    <select id="selectByEmail" parameterType="String" resultMap="UserResultMap">
        SELECT * FROM users WHERE email = #{email}
    </select>

    <insert id="insert" parameterType="com.example.app.model.User" useGeneratedKeys="true" keyProperty="id">
        INSERT INTO users (email, password, nickname, create_time)
        VALUES (#{email}, #{password}, #{nickname}, #{createTime})
    </insert>

</mapper>