{
  "info": {
    "name": "Learning Community API",
    "description": "学习社区后端API集合 - 包含点赞功能",
    "schema": "https://schema.getpostman.com/json/collection/v2.1.0/collection.json"
  },
  "item": [
    {
      "name": "👤 用户认证",
      "item": [
        {
          "name": "用户注册",
          "request": {
            "method": "POST",
            "header": [
              {
                "key": "Content-Type",
                "value": "application/json"
              }
            ],
            "body": {
              "mode": "raw",
              "raw": "{\n  \"email\": \"alice@example.com\",\n  \"password\": \"pass\",\n  \"nickname\": \"Alice\"\n}"
            },
            "url": {
              "raw": "http://localhost:8081/api/auth/register",
              "protocol": "http",
              "host": ["localhost"],
              "port": "8081",
              "path": ["api", "auth", "register"]
            }
          },
          "response": []
        },
        {
          "name": "用户登录",
          "request": {
            "method": "POST",
            "header": [
              {
                "key": "Content-Type",
                "value": "application/json"
              }
            ],
            "body": {
              "mode": "raw",
              "raw": "{\n  \"email\": \"alice@example.com\",\n  \"password\": \"pass\"\n}"
            },
            "url": {
              "raw": "http://localhost:8081/api/auth/login",
              "protocol": "http",
              "host": ["localhost"],
              "port": "8081",
              "path": ["api", "auth", "login"]
            }
          },
          "response": []
        }
      ]
    },
    {
      "name": "❓ 问题管理",
      "item": [
        {
          "name": "获取所有问题",
          "request": {
            "method": "GET",
            "header": [],
            "url": {
              "raw": "http://localhost:8081/api/questions",
              "protocol": "http",
              "host": ["localhost"],
              "port": "8081",
              "path": ["api", "questions"]
            }
          },
          "response": []
        },
        {
          "name": "创建问题",
          "request": {
            "method": "POST",
            "header": [
              {
                "key": "Content-Type",
                "value": "application/json"
              },
              {
                "key": "Authorization",
                "value": "Bearer {{token}}"
              }
            ],
            "body": {
              "mode": "raw",
              "raw": "{\n  \"userId\": 1,\n  \"title\": \"Spring Boot 相关问题\",\n  \"content\": \"如何在Spring Boot中集成Redis？\"\n}"
            },
            "url": {
              "raw": "http://localhost:8081/api/questions",
              "protocol": "http",
              "host": ["localhost"],
              "port": "8081",
              "path": ["api", "questions"]
            }
          },
          "response": []
        },
        {
          "name": "获取特定问题",
          "request": {
            "method": "GET",
            "header": [],
            "url": {
              "raw": "http://localhost:8081/api/questions/1",
              "protocol": "http",
              "host": ["localhost"],
              "port": "8081",
              "path": ["api", "questions", "1"]
            }
          },
          "response": []
        }
      ]
    },
    {
      "name": "💬 回答管理",
      "item": [
        {
          "name": "获取问题的回答",
          "request": {
            "method": "GET",
            "header": [],
            "url": {
              "raw": "http://localhost:8081/api/answers/question/1",
              "protocol": "http",
              "host": ["localhost"],
              "port": "8081",
              "path": ["api", "answers", "question", "1"]
            }
          },
          "response": []
        },
        {
          "name": "创建回答",
          "request": {
            "method": "POST",
            "header": [
              {
                "key": "Content-Type",
                "value": "application/json"
              },
              {
                "key": "Authorization",
                "value": "Bearer {{token}}"
              }
            ],
            "body": {
              "mode": "raw",
              "raw": "{\n  \"questionId\": 1,\n  \"userId\": 1,\n  \"content\": \"可以使用Spring Data Redis来集成，首先添加依赖然后配置连接信息。\"\n}"
            },
            "url": {
              "raw": "http://localhost:8081/api/answers",
              "protocol": "http",
              "host": ["localhost"],
              "port": "8081",
              "path": ["api", "answers"]
            }
          },
          "response": []
        }
      ]
    },
    {
      "name": "👍 点赞功能",
      "item": [
        {
          "name": "点赞回答",
          "request": {
            "method": "POST",
            "header": [
              {
                "key": "Content-Type",
                "value": "application/json"
              }
            ],
            "body": {
              "mode": "raw",
              "raw": "{\n  \"userId\": 1\n}"
            },
            "url": {
              "raw": "http://localhost:8081/api/answers/1/like",
              "protocol": "http",
              "host": ["localhost"],
              "port": "8081",
              "path": ["api", "answers", "1", "like"]
            }
          },
          "response": []
        },
        {
          "name": "获取点赞数",
          "request": {
            "method": "GET",
            "header": [],
            "url": {
              "raw": "http://localhost:8081/api/answers/1/like-count",
              "protocol": "http",
              "host": ["localhost"],
              "port": "8081",
              "path": ["api", "answers", "1", "like-count"]
            }
          },
          "response": []
        },
        {
          "name": "检查用户是否点赞",
          "request": {
            "method": "GET",
            "header": [],
            "url": {
              "raw": "http://localhost:8081/api/answers/1/liked/1",
              "protocol": "http",
              "host": ["localhost"],
              "port": "8081",
              "path": ["api", "answers", "1", "liked", "1"]
            }
          },
          "response": []
        },
        {
          "name": "重复点赞测试",
          "request": {
            "method": "POST",
            "header": [
              {
                "key": "Content-Type",
                "value": "application/json"
              }
            ],
            "body": {
              "mode": "raw",
              "raw": "{\n  \"userId\": 1\n}"
            },
            "url": {
              "raw": "http://localhost:8081/api/answers/1/like",
              "protocol": "http",
              "host": ["localhost"],
              "port": "8081",
              "path": ["api", "answers", "1", "like"]
            }
          },
          "response": []
        }
      ]
    },
    {
      "name": "📚 资源管理",
      "item": [
        {
          "name": "获取所有资源",
          "request": {
            "method": "GET",
            "header": [],
            "url": {
              "raw": "http://localhost:8081/api/resources",
              "protocol": "http",
              "host": ["localhost"],
              "port": "8081",
              "path": ["api", "resources"]
            }
          },
          "response": []
        },
        {
          "name": "创建资源",
          "request": {
            "method": "POST",
            "header": [
              {
                "key": "Content-Type",
                "value": "application/json"
              },
              {
                "key": "Authorization",
                "value": "Bearer {{token}}"
              }
            ],
            "body": {
              "mode": "raw",
              "raw": "{\n  \"userId\": 1,\n  \"title\": \"Spring Boot官方文档\",\n  \"url\": \"https://spring.io/projects/spring-boot\"\n}"
            },
            "url": {
              "raw": "http://localhost:8081/api/resources",
              "protocol": "http",
              "host": ["localhost"],
              "port": "8081",
              "path": ["api", "resources"]
            }
          },
          "response": []
        }
      ]
    },
    {
      "name": "👥 用户管理",
      "item": [
        {
          "name": "获取用户信息",
          "request": {
            "method": "GET",
            "header": [],
            "url": {
              "raw": "http://localhost:8081/api/users/1",
              "protocol": "http",
              "host": ["localhost"],
              "port": "8081",
              "path": ["api", "users", "1"]
            }
          },
          "response": []
        }
      ]
    }
  ],
  "variable": [
    {
      "key": "base_url",
      "value": "http://localhost:8081",
      "type": "string"
    },
    {
      "key": "token",
      "value": "",
      "type": "string"
    }
  ]
}